1341283988,Super_Water_God
534520990,HKRuniverse
1059071706,modaul
2993348452,fushui_wrx
1172928306,wxhnalye
1549037746,SumGhod
752840230,fpseeIenoob
940486542,Milu_Filter
2328169856,Tay-SuXiaoqiang
1805155589,1805155589
359575797,vivaluotianyi
1270797929,RouezZ
425036525,Orenjikato
825131915,SYyema
1070854554,Qiuzirui123
1731848518,Arimi-Jing
1801217110,Aprilislise
1043325483,theblackghoat
1505833960,lovelieryu
1519736706,SSSpriteOO
2651883655,2651883655
1062587858,1062587858
347889844,PuppyQueeny
479806189,XFRAMILX
823920509,AIxesZ
1210314193,Timeles_cn
1534483576,0nullzero
3396270441,JustMonica-CN
2697620567,AING2479
2429493042,SerpentEmon
1532502828,Exodu5_Dawn
2076518661,QzwQ456
2198267474,vbjia
3067130946,welrod233
1809879515,SssssOfficial
2296418591,ForeverGodwdnmd
2394345050,Murpat
455768441,Hk416_Kawaii
1761808974,bishanpyy
986714130,nakezhenchuna
1273796152,Bigaterelon
1583042322,BOLILENMU
1598718209,
29578573,-XH-O1dFive
1843015353,sgy_QAQ
2786462089,LYDDD643
2810223372,lucky_YouDie
2476516893,GHYLR
2635008963,Excimsswer
1428315115,zhou11ll
3497585849,uwou
2652254027,anssniper-ow
310795274,
2118097208,lemonzb
613887773,latiaofish
2978156746,Godvzzz51
1251282169,OMO2250
1834637576,Yi__northcheng
2810152049,BuZaiSHuoYiQian
1228051791,1228051791
2658177557,Legend_DST
635174045,Bunny-Bili312097
1564792780,Astralias-magisk
921731952,sola156
2846750214,GUGUQiFei
2043623376,-PKEM-ChinaPower
2376669615,Foamaskew
